layer,file,rpm,length_s,cycles,loop_corr,gain_db,rms_dbfs,source,source_time_s
limiter,limiter/limiter_limiter.wav,6750,1.436,,0.155,0.0,-15.3,limiter N.wav,0.3
off,off/off_996.wav,996.0,0.482,4,0.094,2.3,-21.7,3k 1k.wav,13.58
off,off/off_1148.wav,1148.4,0.418,4,0.121,-0.4,-21.0,3k 1k.wav,13.34
off,off/off_1295.wav,1294.8,0.463,5,-0.067,-0.4,-20.5,3k 1k.wav,13.24
off,off/off_1506.wav,1506.0,0.398,5,-0.198,-1.9,-19.9,3k 1k.wav,12.6
off,off/off_1693.wav,1693.3,0.425,6,0.16,-2.2,-19.5,3k 1k.wav,10.26
off,off/off_1908.wav,1907.6,0.44,7,0.114,-1.7,-19.2,3k 1k.wav,10.08
off,off/off_2141.wav,2141.5,0.448,8,0.406,1.4,-18.8,3k 1k.wav,7.64
off,off/off_2410.wav,2409.7,0.398,8,0.046,0.6,-18.6,3k 1k.wav,5.36
off,off/off_2710.wav,2709.9,0.399,9,0.117,2.2,-18.3,3k 1k.wav,2.68
off,off/off_3012.wav,3012.1,0.398,10,-0.06,1.5,-18.1,3k 1k.wav,1.86
off,off/off_3402.wav,3402.4,0.423,12,0.625,0.1,-18.0,limit 3k.wav,13.18
off,off/off_3785.wav,3784.9,0.412,13,0.058,1.2,-17.9,limit 3k.wav,11.22
off,off/off_4252.wav,4252.0,0.423,15,0.242,-2.8,-17.8,limit 3k.wav,9.26
off,off/off_4738.wav,4738.3,0.405,16,0.49,1.0,-17.7,limit 3k.wav,6.88
off,off/off_5312.wav,5311.7,0.407,18,0.298,-0.5,-17.7,limit 3k.wav,4.86
off,off/off_5877.wav,5876.7,0.408,20,0.175,-0.3,-17.8,limit 3k.wav,1.98
on,on/on_1494.wav,1494.1,0.402,5,-0.293,-2.2,-16.5,1k 4k.wav,0.76
on,on/on_1693.wav,1693.3,0.425,6,-0.056,-1.5,-17.1,1k 4k.wav,1.03
on,on/on_1896.wav,1896.4,0.443,7,0.421,3.1,-17.5,1k 4k.wav,1.4
on,on/on_2154.wav,2153.9,0.446,8,0.048,0.1,-17.8,1k 4k.wav,1.79
on,on/on_2399.wav,2398.9,0.4,8,0.03,1.9,-18.0,1k 4k.wav,2.09
on,on/on_2711.wav,2710.9,0.398,9,-0.183,2.8,-18.0,1k 4k.wav,2.32
on,on/on_3001.wav,3001.1,0.4,10,0.216,-0.6,-17.9,3k limit.wav,1.27
on,on/on_3398.wav,3398.4,0.424,12,0.364,1.6,-17.6,3k limit.wav,1.79
on,on/on_3799.wav,3798.7,0.411,13,0.694,-2.9,-17.2,1k 4k.wav,3.36
on,on/on_4249.wav,4248.6,0.424,15,0.609,-4.4,-16.7,1k 4k.wav,3.8
on,on/on_4769.wav,4769.2,0.403,16,0.271,-1.1,-16.1,3k limit.wav,2.91
on,on/on_5313.wav,5313.1,0.407,18,-0.072,0.2,-15.4,3k limit.wav,3.35
on,on/on_5897.wav,5897.1,0.407,20,0.218,1.2,-14.6,3k limit.wav,3.87
on,on/on_6526.wav,6526.2,0.405,22,0.229,1.8,-13.7,3k limit.wav,4.44
part,part/part_897.wav,896.9,1.07,8,0.927,0.0,-35.4,idle n.wav,17.0
part,part/part_998.wav,997.8,1.082,9,0.358,2.3,-26.9,1000N.wav,10.8
part,part/part_1318.wav,1317.7,1.002,11,0.32,-3.7,-23.7,1500N.wav,5.6
part,part/part_2526.wav,2525.7,1.045,22,0.197,0.8,-18.7,2500.wav,13.2
part,part/part_3207.wav,3207.5,1.01,27,0.669,-0.0,-17.8,3000N.wav,5.2
part,part/part_3564.wav,3564.1,1.01,30,0.369,1.7,-17.6,3500N.wav,6.1
part,part/part_4175.wav,4175.2,1.006,35,0.667,0.1,-17.4,4000N.wav,7.6
part,part/part_4662.wav,4661.5,1.004,39,0.152,-0.6,-17.4,4500N.wav,3.2
part,part/part_5068.wav,5067.7,1.018,43,0.497,0.4,-17.5,5000N.wav,7.4
part,part/part_5273.wav,5273.0,1.001,44,0.277,-0.9,-17.6,5500N.wav,13.2
part,part/part_5967.wav,5967.1,1.006,50,0.161,0.5,-17.9,6000N.wav,9.9
part,part/part_6211.wav,6211.3,1.005,52,0.402,-0.7,-18.0,6500N.wav,9.0
