layer,loop,loop_rpm,rpms,volume,pitch_st
off,off/off_996.wav,996.0,0,1.0,-4.98
off,off/off_996.wav,996.0,1034,0.924,0.65
off,off/off_996.wav,996.0,1072,0.707,1.276
off,off/off_996.wav,996.0,1110,0.383,1.881
off,off/off_996.wav,996.0,1148,0.0,2.465
off,off/off_1148.wav,1148.4,996,0.0,-2.465
off,off/off_1148.wav,1148.4,1034,0.383,-1.815
off,off/off_1148.wav,1148.4,1072,0.707,-1.189
off,off/off_1148.wav,1148.4,1110,0.924,-0.584
off,off/off_1148.wav,1148.4,1148,1.0,0.0
off,off/off_1148.wav,1148.4,1185,0.924,0.543
off,off/off_1148.wav,1148.4,1222,0.707,1.07
off,off/off_1148.wav,1148.4,1258,0.383,1.581
off,off/off_1148.wav,1148.4,1295,0.0,2.077
off,off/off_1295.wav,1294.8,1148,0.0,-2.077
off,off/off_1295.wav,1294.8,1185,0.383,-1.534
off,off/off_1295.wav,1294.8,1222,0.707,-1.007
off,off/off_1295.wav,1294.8,1258,0.924,-0.496
off,off/off_1295.wav,1294.8,1295,1.0,0.0
off,off/off_1295.wav,1294.8,1348,0.924,0.692
off,off/off_1295.wav,1294.8,1400,0.707,1.357
off,off/off_1295.wav,1294.8,1453,0.383,1.998
off,off/off_1295.wav,1294.8,1506,0.0,2.616
off,off/off_1506.wav,1506.0,1295,0.0,-2.616
off,off/off_1506.wav,1506.0,1348,0.383,-1.924
off,off/off_1506.wav,1506.0,1400,0.707,-1.259
off,off/off_1506.wav,1506.0,1453,0.924,-0.618
off,off/off_1506.wav,1506.0,1506,1.0,0.0
off,off/off_1506.wav,1506.0,1553,0.924,0.53
off,off/off_1506.wav,1506.0,1600,0.707,1.044
off,off/off_1506.wav,1506.0,1646,0.383,1.544
off,off/off_1506.wav,1506.0,1693,0.0,2.029
off,off/off_1693.wav,1693.3,1506,0.0,-2.029
off,off/off_1693.wav,1693.3,1553,0.383,-1.499
off,off/off_1693.wav,1693.3,1600,0.707,-0.985
off,off/off_1693.wav,1693.3,1646,0.924,-0.485
off,off/off_1693.wav,1693.3,1693,1.0,0.0
off,off/off_1693.wav,1693.3,1747,0.924,0.539
off,off/off_1693.wav,1693.3,1800,0.707,1.062
off,off/off_1693.wav,1693.3,1854,0.383,1.57
off,off/off_1693.wav,1693.3,1908,0.0,2.063
off,off/off_1908.wav,1907.6,1693,0.0,-2.063
off,off/off_1908.wav,1907.6,1747,0.383,-1.524
off,off/off_1908.wav,1907.6,1800,0.707,-1.001
off,off/off_1908.wav,1907.6,1854,0.924,-0.493
off,off/off_1908.wav,1907.6,1908,1.0,0.0
off,off/off_1908.wav,1907.6,1966,0.924,0.523
off,off/off_1908.wav,1907.6,2025,0.707,1.03
off,off/off_1908.wav,1907.6,2083,0.383,1.523
off,off/off_1908.wav,1907.6,2142,0.0,2.002
off,off/off_2141.wav,2141.5,1908,0.0,-2.002
off,off/off_2141.wav,2141.5,1966,0.383,-1.48
off,off/off_2141.wav,2141.5,2025,0.707,-0.972
off,off/off_2141.wav,2141.5,2083,0.924,-0.479
off,off/off_2141.wav,2141.5,2142,1.0,0.0
off,off/off_2141.wav,2141.5,2209,0.924,0.534
off,off/off_2141.wav,2141.5,2276,0.707,1.052
off,off/off_2141.wav,2141.5,2343,0.383,1.554
off,off/off_2141.wav,2141.5,2410,0.0,2.043
off,off/off_2410.wav,2409.7,2142,0.0,-2.043
off,off/off_2410.wav,2409.7,2209,0.383,-1.509
off,off/off_2410.wav,2409.7,2276,0.707,-0.991
off,off/off_2410.wav,2409.7,2343,0.924,-0.489
off,off/off_2410.wav,2409.7,2410,1.0,0.0
off,off/off_2410.wav,2409.7,2485,0.924,0.531
off,off/off_2410.wav,2409.7,2560,0.707,1.046
off,off/off_2410.wav,2409.7,2635,0.383,1.546
off,off/off_2410.wav,2409.7,2710,0.0,2.033
off,off/off_2710.wav,2709.9,2410,0.0,-2.033
off,off/off_2710.wav,2709.9,2485,0.383,-1.502
off,off/off_2710.wav,2709.9,2560,0.707,-0.987
off,off/off_2710.wav,2709.9,2635,0.924,-0.486
off,off/off_2710.wav,2709.9,2710,1.0,0.0
off,off/off_2710.wav,2709.9,2785,0.924,0.476
off,off/off_2710.wav,2709.9,2861,0.707,0.939
off,off/off_2710.wav,2709.9,2937,0.383,1.391
off,off/off_2710.wav,2709.9,3012,0.0,1.83
off,off/off_3012.wav,3012.1,2710,0.0,-1.83
off,off/off_3012.wav,3012.1,2785,0.383,-1.354
off,off/off_3012.wav,3012.1,2861,0.707,-0.891
off,off/off_3012.wav,3012.1,2937,0.924,-0.44
off,off/off_3012.wav,3012.1,3012,1.0,0.0
off,off/off_3012.wav,3012.1,3110,0.924,0.552
off,off/off_3012.wav,3012.1,3207,0.707,1.087
off,off/off_3012.wav,3012.1,3305,0.383,1.606
off,off/off_3012.wav,3012.1,3402,0.0,2.109
off,off/off_3402.wav,3402.4,3012,0.0,-2.109
off,off/off_3402.wav,3402.4,3110,0.383,-1.557
off,off/off_3402.wav,3402.4,3207,0.707,-1.023
off,off/off_3402.wav,3402.4,3305,0.924,-0.504
off,off/off_3402.wav,3402.4,3402,1.0,0.0
off,off/off_3402.wav,3402.4,3498,0.924,0.48
off,off/off_3402.wav,3402.4,3594,0.707,0.947
off,off/off_3402.wav,3402.4,3689,0.383,1.401
off,off/off_3402.wav,3402.4,3785,0.0,1.844
off,off/off_3785.wav,3784.9,3402,0.0,-1.844
off,off/off_3785.wav,3784.9,3498,0.383,-1.365
off,off/off_3785.wav,3784.9,3594,0.707,-0.898
off,off/off_3785.wav,3784.9,3689,0.924,-0.443
off,off/off_3785.wav,3784.9,3785,1.0,0.0
off,off/off_3785.wav,3784.9,3902,0.924,0.526
off,off/off_3785.wav,3784.9,4018,0.707,1.037
off,off/off_3785.wav,3784.9,4135,0.383,1.533
off,off/off_3785.wav,3784.9,4252,0.0,2.015
off,off/off_4252.wav,4252.0,3785,0.0,-2.015
off,off/off_4252.wav,4252.0,3902,0.383,-1.489
off,off/off_4252.wav,4252.0,4018,0.707,-0.978
off,off/off_4252.wav,4252.0,4135,0.924,-0.482
off,off/off_4252.wav,4252.0,4252,1.0,0.0
off,off/off_4252.wav,4252.0,4374,0.924,0.488
off,off/off_4252.wav,4252.0,4495,0.707,0.963
off,off/off_4252.wav,4252.0,4617,0.383,1.425
off,off/off_4252.wav,4252.0,4738,0.0,1.875
off,off/off_4738.wav,4738.3,4252,0.0,-1.875
off,off/off_4738.wav,4738.3,4374,0.383,-1.387
off,off/off_4738.wav,4738.3,4495,0.707,-0.912
off,off/off_4738.wav,4738.3,4617,0.924,-0.45
off,off/off_4738.wav,4738.3,4738,1.0,0.0
off,off/off_4738.wav,4738.3,4882,0.924,0.516
off,off/off_4738.wav,4738.3,5025,0.707,1.017
off,off/off_4738.wav,4738.3,5168,0.383,1.504
off,off/off_4738.wav,4738.3,5312,0.0,1.978
off,off/off_5312.wav,5311.7,4738,0.0,-1.978
off,off/off_5312.wav,5311.7,4882,0.383,-1.462
off,off/off_5312.wav,5311.7,5025,0.707,-0.961
off,off/off_5312.wav,5311.7,5168,0.924,-0.474
off,off/off_5312.wav,5311.7,5312,1.0,0.0
off,off/off_5312.wav,5311.7,5453,0.924,0.454
off,off/off_5312.wav,5311.7,5594,0.707,0.897
off,off/off_5312.wav,5311.7,5735,0.383,1.329
off,off/off_5312.wav,5311.7,5877,0.0,1.75
off,off/off_5877.wav,5876.7,5312,0.0,-1.75
off,off/off_5877.wav,5876.7,5453,0.383,-1.296
off,off/off_5877.wav,5876.7,5594,0.707,-0.853
off,off/off_5877.wav,5876.7,5735,0.924,-0.421
off,off/off_5877.wav,5876.7,5877,1.0,0.0
off,off/off_5877.wav,5876.7,7200,1.0,3.516
on,on/on_1494.wav,1494.1,0,1.0,-4.98
on,on/on_1494.wav,1494.1,1544,0.924,0.568
on,on/on_1494.wav,1494.1,1594,0.707,1.117
on,on/on_1494.wav,1494.1,1644,0.383,1.65
on,on/on_1494.wav,1494.1,1693,0.0,2.167
on,on/on_1693.wav,1693.3,1494,0.0,-2.167
on,on/on_1693.wav,1693.3,1544,0.383,-1.599
on,on/on_1693.wav,1693.3,1594,0.707,-1.049
on,on/on_1693.wav,1693.3,1644,0.924,-0.517
on,on/on_1693.wav,1693.3,1693,1.0,0.0
on,on/on_1693.wav,1693.3,1744,0.924,0.511
on,on/on_1693.wav,1693.3,1795,0.707,1.008
on,on/on_1693.wav,1693.3,1846,0.383,1.491
on,on/on_1693.wav,1693.3,1896,0.0,1.961
on,on/on_1896.wav,1896.4,1693,0.0,-1.961
on,on/on_1896.wav,1896.4,1744,0.383,-1.45
on,on/on_1896.wav,1896.4,1795,0.707,-0.953
on,on/on_1896.wav,1896.4,1846,0.924,-0.47
on,on/on_1896.wav,1896.4,1896,1.0,0.0
on,on/on_1896.wav,1896.4,1961,0.924,0.578
on,on/on_1896.wav,1896.4,2025,0.707,1.137
on,on/on_1896.wav,1896.4,2090,0.383,1.679
on,on/on_1896.wav,1896.4,2154,0.0,2.204
on,on/on_2154.wav,2153.9,1896,0.0,-2.204
on,on/on_2154.wav,2153.9,1961,0.383,-1.626
on,on/on_2154.wav,2153.9,2025,0.707,-1.067
on,on/on_2154.wav,2153.9,2090,0.924,-0.525
on,on/on_2154.wav,2153.9,2154,1.0,0.0
on,on/on_2154.wav,2153.9,2215,0.924,0.485
on,on/on_2154.wav,2153.9,2276,0.707,0.958
on,on/on_2154.wav,2153.9,2338,0.383,1.417
on,on/on_2154.wav,2153.9,2399,0.0,1.865
on,on/on_2399.wav,2398.9,2154,0.0,-1.865
on,on/on_2399.wav,2398.9,2215,0.383,-1.38
on,on/on_2399.wav,2398.9,2276,0.707,-0.907
on,on/on_2399.wav,2398.9,2338,0.924,-0.448
on,on/on_2399.wav,2398.9,2399,1.0,0.0
on,on/on_2399.wav,2398.9,2477,0.924,0.554
on,on/on_2399.wav,2398.9,2555,0.707,1.091
on,on/on_2399.wav,2398.9,2633,0.383,1.611
on,on/on_2399.wav,2398.9,2711,0.0,2.117
on,on/on_2711.wav,2710.9,2399,0.0,-2.117
on,on/on_2711.wav,2710.9,2477,0.383,-1.563
on,on/on_2711.wav,2710.9,2555,0.707,-1.026
on,on/on_2711.wav,2710.9,2633,0.924,-0.505
on,on/on_2711.wav,2710.9,2711,1.0,0.0
on,on/on_2711.wav,2710.9,2783,0.924,0.457
on,on/on_2711.wav,2710.9,2856,0.707,0.903
on,on/on_2711.wav,2710.9,2929,0.383,1.337
on,on/on_2711.wav,2710.9,3001,0.0,1.761
on,on/on_3001.wav,3001.1,2711,0.0,-1.761
on,on/on_3001.wav,3001.1,2783,0.383,-1.303
on,on/on_3001.wav,3001.1,2856,0.707,-0.858
on,on/on_3001.wav,3001.1,2929,0.924,-0.424
on,on/on_3001.wav,3001.1,3001,1.0,0.0
on,on/on_3001.wav,3001.1,3100,0.924,0.564
on,on/on_3001.wav,3001.1,3200,0.707,1.11
on,on/on_3001.wav,3001.1,3299,0.383,1.639
on,on/on_3001.wav,3001.1,3398,0.0,2.152
on,on/on_3398.wav,3398.4,3001,0.0,-2.152
on,on/on_3398.wav,3398.4,3100,0.383,-1.589
on,on/on_3398.wav,3398.4,3200,0.707,-1.043
on,on/on_3398.wav,3398.4,3299,0.924,-0.514
on,on/on_3398.wav,3398.4,3398,1.0,0.0
on,on/on_3398.wav,3398.4,3498,0.924,0.502
on,on/on_3398.wav,3398.4,3599,0.707,0.991
on,on/on_3398.wav,3398.4,3699,0.383,1.466
on,on/on_3398.wav,3398.4,3799,0.0,1.928
on,on/on_3799.wav,3798.7,3398,0.0,-1.928
on,on/on_3799.wav,3798.7,3498,0.383,-1.425
on,on/on_3799.wav,3798.7,3599,0.707,-0.937
on,on/on_3799.wav,3798.7,3699,0.924,-0.462
on,on/on_3799.wav,3798.7,3799,1.0,0.0
on,on/on_3799.wav,3798.7,3911,0.924,0.505
on,on/on_3799.wav,3798.7,4024,0.707,0.996
on,on/on_3799.wav,3798.7,4136,0.383,1.473
on,on/on_3799.wav,3798.7,4249,0.0,1.938
on,on/on_4249.wav,4248.6,3799,0.0,-1.938
on,on/on_4249.wav,4248.6,3911,0.383,-1.433
on,on/on_4249.wav,4248.6,4024,0.707,-0.942
on,on/on_4249.wav,4248.6,4136,0.924,-0.464
on,on/on_4249.wav,4248.6,4249,1.0,0.0
on,on/on_4249.wav,4248.6,4379,0.924,0.522
on,on/on_4249.wav,4248.6,4509,0.707,1.029
on,on/on_4249.wav,4248.6,4639,0.383,1.522
on,on/on_4249.wav,4248.6,4769,0.0,2.001
on,on/on_4769.wav,4769.2,4249,0.0,-2.001
on,on/on_4769.wav,4769.2,4379,0.383,-1.479
on,on/on_4769.wav,4769.2,4509,0.707,-0.972
on,on/on_4769.wav,4769.2,4639,0.924,-0.479
on,on/on_4769.wav,4769.2,4769,1.0,0.0
on,on/on_4769.wav,4769.2,4905,0.924,0.487
on,on/on_4769.wav,4769.2,5041,0.707,0.96
on,on/on_4769.wav,4769.2,5177,0.383,1.421
on,on/on_4769.wav,4769.2,5313,0.0,1.87
on,on/on_5313.wav,5313.1,4769,0.0,-1.87
on,on/on_5313.wav,5313.1,4905,0.383,-1.383
on,on/on_5313.wav,5313.1,5041,0.707,-0.91
on,on/on_5313.wav,5313.1,5177,0.924,-0.449
on,on/on_5313.wav,5313.1,5313,1.0,0.0
on,on/on_5313.wav,5313.1,5459,0.924,0.469
on,on/on_5313.wav,5313.1,5605,0.707,0.926
on,on/on_5313.wav,5313.1,5751,0.383,1.371
on,on/on_5313.wav,5313.1,5897,0.0,1.805
on,on/on_5897.wav,5897.1,5313,0.0,-1.805
on,on/on_5897.wav,5897.1,5459,0.383,-1.336
on,on/on_5897.wav,5897.1,5605,0.707,-0.879
on,on/on_5897.wav,5897.1,5751,0.924,-0.434
on,on/on_5897.wav,5897.1,5897,1.0,0.0
on,on/on_5897.wav,5897.1,6054,0.924,0.456
on,on/on_5897.wav,5897.1,6212,0.707,0.9
on,on/on_5897.wav,5897.1,6369,0.383,1.333
on,on/on_5897.wav,5897.1,6526,0.0,1.755
on,on/on_6526.wav,6526.2,5897,0.0,-1.755
on,on/on_6526.wav,6526.2,6054,0.383,-1.299
on,on/on_6526.wav,6526.2,6212,0.707,-0.855
on,on/on_6526.wav,6526.2,6369,0.924,-0.422
on,on/on_6526.wav,6526.2,6526,1.0,0.0
on,on/on_6526.wav,6526.2,7200,1.0,1.701
part,part/part_897.wav,896.9,0,1.0,-4.98
part,part/part_897.wav,896.9,922,0.924,0.48
part,part/part_897.wav,896.9,947,0.707,0.947
part,part/part_897.wav,896.9,973,0.383,1.402
part,part/part_897.wav,896.9,998,0.0,1.846
part,part/part_998.wav,997.8,897,0.0,-1.846
part,part/part_998.wav,997.8,922,0.383,-1.365
part,part/part_998.wav,997.8,947,0.707,-0.898
part,part/part_998.wav,997.8,973,0.924,-0.443
part,part/part_998.wav,997.8,998,1.0,0.0
part,part/part_998.wav,997.8,1078,0.924,1.335
part,part/part_998.wav,997.8,1158,0.707,2.574
part,part/part_998.wav,997.8,1238,0.383,3.73
part,part/part_998.wav,997.8,1318,0.0,4.814
part,part/part_1318.wav,1317.7,998,0.0,-4.814
part,part/part_1318.wav,1317.7,1078,0.383,-3.48
part,part/part_1318.wav,1317.7,1158,0.707,-2.24
part,part/part_1318.wav,1317.7,1238,0.924,-1.084
part,part/part_1318.wav,1317.7,1318,1.0,0.0
part,part/part_1318.wav,1317.7,1620,0.924,3.572
part,part/part_1318.wav,1317.7,1922,0.707,6.532
part,part/part_1318.wav,1317.7,2224,0.383,9.059
part,part/part_1318.wav,1317.7,2526,0.0,11.264
part,part/part_2526.wav,2525.7,1318,0.0,-11.264
part,part/part_2526.wav,2525.7,1620,0.383,-7.691
part,part/part_2526.wav,2525.7,1922,0.707,-4.732
part,part/part_2526.wav,2525.7,2224,0.924,-2.205
part,part/part_2526.wav,2525.7,2526,1.0,0.0
part,part/part_2526.wav,2525.7,2696,0.924,1.131
part,part/part_2526.wav,2525.7,2867,0.707,2.192
part,part/part_2526.wav,2525.7,3037,0.383,3.192
part,part/part_2526.wav,2525.7,3208,0.0,4.137
part,part/part_3207.wav,3207.5,2526,0.0,-4.137
part,part/part_3207.wav,3207.5,2696,0.383,-3.007
part,part/part_3207.wav,3207.5,2867,0.707,-1.945
part,part/part_3207.wav,3207.5,3037,0.924,-0.945
part,part/part_3207.wav,3207.5,3208,1.0,0.0
part,part/part_3207.wav,3207.5,3297,0.924,0.475
part,part/part_3207.wav,3207.5,3386,0.707,0.937
part,part/part_3207.wav,3207.5,3475,0.383,1.387
part,part/part_3207.wav,3207.5,3564,0.0,1.825
part,part/part_3564.wav,3564.1,3208,0.0,-1.825
part,part/part_3564.wav,3564.1,3297,0.383,-1.35
part,part/part_3564.wav,3564.1,3386,0.707,-0.888
part,part/part_3564.wav,3564.1,3475,0.924,-0.439
part,part/part_3564.wav,3564.1,3564,1.0,0.0
part,part/part_3564.wav,3564.1,3717,0.924,0.727
part,part/part_3564.wav,3564.1,3870,0.707,1.424
part,part/part_3564.wav,3564.1,4022,0.383,2.094
part,part/part_3564.wav,3564.1,4175,0.0,2.74
part,part/part_4175.wav,4175.2,3564,0.0,-2.74
part,part/part_4175.wav,4175.2,3717,0.383,-2.013
part,part/part_4175.wav,4175.2,3870,0.707,-1.316
part,part/part_4175.wav,4175.2,4022,0.924,-0.645
part,part/part_4175.wav,4175.2,4175,1.0,0.0
part,part/part_4175.wav,4175.2,4297,0.924,0.497
part,part/part_4175.wav,4175.2,4418,0.707,0.98
part,part/part_4175.wav,4175.2,4540,0.383,1.45
part,part/part_4175.wav,4175.2,4662,0.0,1.907
part,part/part_4662.wav,4661.5,4175,0.0,-1.907
part,part/part_4662.wav,4661.5,4297,0.383,-1.41
part,part/part_4662.wav,4661.5,4418,0.707,-0.927
part,part/part_4662.wav,4661.5,4540,0.924,-0.458
part,part/part_4662.wav,4661.5,4662,1.0,0.0
part,part/part_4662.wav,4661.5,4763,0.924,0.373
part,part/part_4662.wav,4661.5,4865,0.707,0.738
part,part/part_4662.wav,4661.5,4966,0.383,1.096
part,part/part_4662.wav,4661.5,5068,0.0,1.446
part,part/part_5068.wav,5067.7,4662,0.0,-1.446
part,part/part_5068.wav,5067.7,4763,0.383,-1.073
part,part/part_5068.wav,5067.7,4865,0.707,-0.708
part,part/part_5068.wav,5067.7,4966,0.924,-0.35
part,part/part_5068.wav,5067.7,5068,1.0,0.0
part,part/part_5068.wav,5067.7,5119,0.924,0.174
part,part/part_5068.wav,5067.7,5170,0.707,0.347
part,part/part_5068.wav,5067.7,5222,0.383,0.518
part,part/part_5068.wav,5067.7,5273,0.0,0.688
part,part/part_5273.wav,5273.0,5068,0.0,-0.688
part,part/part_5273.wav,5273.0,5119,0.383,-0.513
part,part/part_5273.wav,5273.0,5170,0.707,-0.34
part,part/part_5273.wav,5273.0,5222,0.924,-0.169
part,part/part_5273.wav,5273.0,5273,1.0,0.0
part,part/part_5273.wav,5273.0,5447,0.924,0.561
part,part/part_5273.wav,5273.0,5620,0.707,1.104
part,part/part_5273.wav,5273.0,5794,0.383,1.63
part,part/part_5273.wav,5273.0,5967,0.0,2.141
part,part/part_5967.wav,5967.1,5273,0.0,-2.141
part,part/part_5967.wav,5967.1,5447,0.383,-1.58
part,part/part_5967.wav,5967.1,5620,0.707,-1.037
part,part/part_5967.wav,5967.1,5794,0.924,-0.511
part,part/part_5967.wav,5967.1,5967,1.0,0.0
part,part/part_5967.wav,5967.1,6028,0.924,0.176
part,part/part_5967.wav,5967.1,6089,0.707,0.351
part,part/part_5967.wav,5967.1,6150,0.383,0.523
part,part/part_5967.wav,5967.1,6211,0.0,0.694
part,part/part_6211.wav,6211.3,5967,0.0,-0.694
part,part/part_6211.wav,6211.3,6028,0.383,-0.518
part,part/part_6211.wav,6211.3,6089,0.707,-0.344
part,part/part_6211.wav,6211.3,6150,0.924,-0.171
part,part/part_6211.wav,6211.3,6211,1.0,0.0
part,part/part_6211.wav,6211.3,7200,1.0,2.557
